z,x,y,before_feature_coordinate_count,before_overflow,before_coordinate_count,before_tile_bytes,after_feature_coordinate_count,after_overflow,after_coordinate_count,after_coordinate_count_unbounded,after_truncated,after_feature_count,after_tile_bytes,after_seconds
0,0,0,4962,0,52729,0,5828,0,114377,114377,False,69,119288,3.731
1,1,0,4962,0,52729,0,5828,0,114377,114377,False,69,210915,3.347
2,3,0,0,0,0,0,0,0,0,0,False,0,0,0.005
2,3,1,4962,0,51651,0,5828,0,111163,111163,False,63,298112,3.238
3,5,2,317,0,317,1147,317,0,535,535,False,2,1787,0.170
3,5,3,481,0,761,2605,1116,0,2679,2679,False,4,8422,0.104
3,6,2,2743,0,9641,30253,5828,0,25069,25069,False,17,76821,0.957
3,6,3,4962,0,42024,129690,4962,0,86160,86160,False,56,260137,2.525
4,11,5,317,0,317,1135,317,0,535,535,False,2,1776,0.037
4,11,6,481,0,761,2653,1116,0,2679,2679,False,4,8597,0.098
4,11,7,0,0,0,0,0,0,0,0,False,0,0,0.004
4,12,5,206,0,404,1570,308,0,712,712,False,3,2499,0.030
4,12,6,4962,0,27603,86471,4962,0,52458,52458,False,32,161199,1.449
4,12,7,0,0,0,0,0,0,0,0,False,0,0,0.005
4,13,5,2743,0,9237,29183,5828,0,24357,24357,False,14,75441,0.859
4,13,6,2692,0,14435,45548,3086,0,33758,33758,False,32,104469,0.889
4,13,7,0,0,0,0,0,0,0,0,False,0,0,0.005
5,22,10,0,0,0,0,0,0,0,0,False,0,0,0.004
5,22,11,0,0,0,0,0,0,0,0,False,0,0,0.004
5,22,12,844,0,1669,5428,1516,0,3235,3235,False,5,10125,0.109
5,22,13,0,0,0,0,0,0,0,0,False,0,0,0.004
5,22,14,0,0,0,0,0,0,0,0,False,0,0,0.004
5,23,10,0,0,0,0,0,0,0,0,False,0,0,0.004
5,23,11,369,0,599,1928,888,0,1541,1541,False,4,4776,0.069
5,23,12,876,0,1192,3949,876,0,2140,2140,False,5,6778,0.066
5,23,13,0,0,0,0,0,0,0,0,False,0,0,0.004
5,23,14,0,0,0,0,0,0,0,0,False,0,0,0.004
5,24,10,0,0,0,0,0,0,0,0,False,0,0,0.004
5,24,11,206,0,206,822,206,0,206,206,False,1,822,0.011
5,24,12,2192,0,6219,19512,2995,0,11715,11715,False,13,35438,0.315
5,24,13,44,0,44,331,130,0,174,174,False,2,733,0.010
5,24,14,0,0,0,0,0,0,0,0,False,0,0,0.004
5,25,10,0,0,0,0,0,0,0,0,False,0,0,0.004
5,25,11,312,0,520,1832,1192,0,1712,1712,False,3,5206,0.050
5,25,12,4356,0,27727,85207,5363,0,53432,53432,False,31,160176,1.387
5,25,13,3401,0,19756,60932,4367,0,37922,37922,False,24,113722,0.888
5,25,14,0,0,0,0,0,0,0,0,False,0,0,0.005
5,26,10,718,0,936,3001,770,0,1706,1706,False,3,5172,0.061
5,26,11,2840,0,11533,35138,5454,0,22930,22930,False,13,67836,0.716
5,26,12,3086,0,25686,79811,4929,0,49315,49315,False,37,149383,1.176
5,26,13,2952,0,8156,25372,4427,0,16313,16313,False,15,48948,0.437
5,26,14,0,0,0,0,0,0,0,0,False,0,0,0.005
5,27,10,1397,0,2281,6732,1505,0,3786,3786,False,3,11062,0.127
5,27,11,2838,0,12723,38017,5185,0,24542,24542,False,15,70877,0.791
5,27,12,572,0,948,2918,1058,0,2009,2009,False,4,5752,0.065
5,27,13,0,0,0,0,0,0,0,0,False,0,0,0.004
5,27,14,0,0,0,0,0,0,0,0,False,0,0,0.004
6,45,20,0,0,0,0,0,0,0,0,False,0,0,0.004
6,45,21,0,0,0,0,0,0,0,0,False,0,0,0.004
6,45,22,0,0,0,0,0,0,0,0,False,0,0,0.004
6,45,23,0,0,0,0,0,0,0,0,False,0,0,0.004
6,45,24,1942,0,3855,11115,2892,0,6820,6820,False,6,19198,0.192
6,45,25,356,0,420,1462,483,0,903,903,False,3,2617,0.029
6,45,26,0,0,0,0,0,0,0,0,False,0,0,0.004
6,45,27,0,0,0,0,0,0,0,0,False,0,0,0.004
6,45,28,0,0,0,0,0,0,0,0,False,0,0,0.004
6,46,20,0,0,0,0,0,0,0,0,False,0,0,0.004
6,46,21,0,0,0,0,0,0,0,0,False,0,0,0.004
6,46,22,0,0,0,0,0,0,0,0,False,0,0,0.004
6,46,23,1218,0,2127,6075,2128,0,4349,4349,False,6,11505,0.132
6,46,24,580,0,1314,4228,580,0,1740,1740,False,7,5300,0.049
6,46,25,519,0,1309,4004,1091,0,2774,2774,False,6,7727,0.074
6,46,26,0,0,0,0,0,0,0,0,False,0,0,0.004
6,46,27,0,0,0,0,0,0,0,0,False,0,0,0.004
6,46,28,0,0,0,0,0,0,0,0,False,0,0,0.004
6,47,20,0,0,0,0,0,0,0,0,False,0,0,0.004
6,47,21,0,0,0,0,0,0,0,0,False,0,0,0.004
6,47,22,0,0,0,0,0,0,0,0,False,0,0,0.004
6,47,23,0,0,0,0,0,0,0,0,False,0,0,0.014
6,47,24,0,0,0,0,0,0,0,0,False,0,0,0.004
6,47,25,0,0,0,0,0,0,0,0,False,0,0,0.004
6,47,26,0,0,0,0,0,0,0,0,False,0,0,0.004
6,47,27,0,0,0,0,0,0,0,0,False,0,0,0.004
6,47,28,0,0,0,0,0,0,0,0,False,0,0,0.004
6,48,20,0,0,0,0,0,0,0,0,False,0,0,0.004
6,48,21,0,0,0,0,0,0,0,0,False,0,0,0.004
6,48,22,0,0,0,0,0,0,0,0,False,0,0,0.004
6,48,23,0,0,0,0,0,0,0,0,False,0,0,0.004
6,48,24,0,0,0,0,0,0,0,0,False,0,0,0.004
6,48,25,0,0,0,0,0,0,0,0,False,0,0,0.004
6,48,26,0,0,0,0,0,0,0,0,False,0,0,0.004
6,48,27,0,0,0,0,0,0,0,0,False,0,0,0.004
6,48,28,0,0,0,0,0,0,0,0,False,0,0,0.004
6,49,20,0,0,0,0,0,0,0,0,False,0,0,0.004
6,49,21,0,0,0,0,0,0,0,0,False,0,0,0.004
6,49,22,0,0,0,0,0,0,0,0,False,0,0,0.004
6,49,23,270,0,270,961,270,0,280,280,False,2,1047,0.012
6,49,24,1220,0,4877,14471,2588,0,9869,9869,False,11,27656,0.249
6,49,25,3213,0,8542,25225,6266,0,15571,15571,False,11,43256,0.368
6,49,26,152,0,206,809,152,0,295,295,False,3,1032,0.014
6,49,27,0,0,0,0,0,0,0,0,False,0,0,0.004
6,49,28,0,0,0,0,0,0,0,0,False,0,0,0.004
6,50,20,0,0,0,0,0,0,0,0,False,0,0,0.004
6,50,21,0,0,0,0,0,0,0,0,False,0,0,0.004
6,50,22,0,0,0,0,0,0,0,0,False,0,0,0.004
6,50,23,0,0,0,0,55,0,55,55,False,1,395,0.006
6,50,24,1906,0,5555,16641,4317,0,11237,11237,False,11,31226,0.262
6,50,25,3241,0,20604,60621,7744,0,40512,40512,False,27,114134,0.889
6,50,26,4609,0,17354,49198,6613,0,30400,30400,False,12,82107,0.693
6,50,27,464,0,1060,3118,1163,0,2223,2223,False,4,5886,0.062
6,50,28,0,0,0,0,0,0,0,0,False,0,0,0.004
6,51,20,0,0,0,0,0,0,0,0,False,0,0,0.004
6,51,21,0,0,0,0,0,0,0,0,False,0,0,0.004
6,51,22,0,0,0,0,0,0,0,0,False,0,0,0.004
6,51,23,1462,0,2036,5953,2741,0,4777,4777,False,4,13221,0.110
6,51,24,4181,0,14956,44001,6801,0,30815,30815,False,19,86156,0.717
6,51,25,4320,0,21860,61834,8072,0,41417,41417,False,20,112079,0.969
6,51,26,2404,0,18083,53187,6871,0,35739,35739,False,28,99965,0.744
6,51,27,2120,0,8310,24802,3699,0,16207,16207,False,15,46314,0.317
6,51,28,0,0,0,0,0,0,0,0,False,0,0,0.005
6,52,20,0,0,0,0,0,0,0,0,False,0,0,0.004
6,52,21,0,0,0,0,0,0,0,0,False,0,0,0.004
6,52,22,0,0,0,0,0,0,0,0,False,0,0,0.004
6,52,23,1776,0,4173,12680,1991,0,8320,8320,False,9,23877,0.178
6,52,24,3860,0,28957,87568,8562,0,56354,56354,False,27,164813,1.085
6,52,25,6034,0,19471,55820,10126,0,39827,39827,False,21,108474,0.998
6,52,26,3150,0,12086,34573,7440,0,25232,25232,False,20,67230,0.620
6,52,27,2685,0,7301,20963,3485,0,13101,13101,False,8,35575,0.297
6,52,28,0,0,0,0,0,0,0,0,False,0,0,0.005
6,53,20,0,0,0,0,0,0,0,0,False,0,0,0.004
6,53,21,1174,0,2520,6956,1797,0,4317,4317,False,4,11257,0.119
6,53,22,4395,0,8646,23456,8199,0,16894,16894,False,5,43822,0.463
6,53,23,7518,0,18240,49585,14395,0,35590,35590,False,14,92943,0.947
6,53,24,1132,0,4271,12964,3333,0,10487,10487,False,19,29752,0.238
6,53,25,1307,0,2604,7764,2322,0,5538,5538,False,8,15101,0.155
6,53,26,200,0,634,2320,258,0,1208,1208,False,8,3839,0.033
6,53,27,0,0,0,0,0,0,0,0,False,0,0,0.004
6,53,28,0,0,0,0,0,0,0,0,False,0,0,0.004
6,54,20,0,0,0,0,0,0,0,0,False,0,0,0.004
6,54,21,2233,0,5562,14795,3710,0,9272,9272,False,4,23656,0.249
6,54,22,3776,0,15298,41132,8064,0,30390,30390,False,10,78336,0.808
6,54,23,2929,0,13941,37703,4985,0,26820,26820,False,19,68951,0.710
6,54,24,1418,0,2567,7112,2312,0,5073,5073,False,7,13205,0.135
6,54,25,0,0,0,0,0,0,0,0,False,0,0,0.004
6,54,26,0,0,0,0,0,0,0,0,False,0,0,0.004
6,54,27,0,0,0,0,0,0,0,0,False,0,0,0.004
6,54,28,0,0,0,0,0,0,0,0,False,0,0,0.004
6,55,20,0,0,0,0,0,0,0,0,False,0,0,0.004
6,55,21,0,0,0,0,0,0,0,0,False,0,0,0.004
6,55,22,2158,0,4156,11376,3999,0,8155,8155,False,4,20973,0.227
6,55,23,212,0,486,1666,380,0,866,866,False,4,2639,0.029
6,55,24,0,0,0,0,0,0,0,0,False,0,0,0.004
6,55,25,0,0,0,0,0,0,0,0,False,0,0,0.004
6,55,26,0,0,0,0,0,0,0,0,False,0,0,0.004
6,55,27,0,0,0,0,0,0,0,0,False,0,0,0.004
6,55,28,0,0,0,0,0,0,0,0,False,0,0,0.004
7,90,41,0,0,0,0,0,0,0,0,False,0,0,0.004
7,90,42,0,0,0,0,0,0,0,0,False,0,0,0.004
7,90,43,0,0,0,0,0,0,0,0,False,0,0,0.004
7,90,44,0,0,0,0,0,0,0,0,False,0,0,0.004
7,90,45,0,0,0,0,0,0,0,0,False,0,0,0.004
7,90,46,0,0,0,0,0,0,0,0,False,0,0,0.004
7,90,47,0,0,0,0,0,0,0,0,False,0,0,0.004
7,90,48,1726,0,3504,9022,3714,0,7218,7218,False,4,17842,0.157
7,90,49,299,0,611,1883,869,0,1480,1480,False,4,3969,0.035
7,90,50,0,0,0,0,0,0,0,0,False,0,0,0.004
7,90,51,0,0,0,0,0,0,0,0,False,0,0,0.004
7,90,52,0,0,0,0,0,0,0,0,False,0,0,0.004
7,90,53,0,0,0,0,0,0,0,0,False,0,0,0.004
7,90,54,0,0,0,0,0,0,0,0,False,0,0,0.004
7,90,55,0,0,0,0,0,0,0,0,False,0,0,0.004
7,90,56,0,0,0,0,0,0,0,0,False,0,0,0.004
7,90,57,0,0,0,0,0,0,0,0,False,0,0,0.004
7,91,41,0,0,0,0,0,0,0,0,False,0,0,0.004
7,91,42,0,0,0,0,0,0,0,0,False,0,0,0.004
7,91,43,0,0,0,0,0,0,0,0,False,0,0,0.004
7,91,44,0,0,0,0,0,0,0,0,False,0,0,0.004
7,91,45,0,0,0,0,0,0,0,0,False,0,0,0.004
7,91,46,0,0,0,0,0,0,0,0,False,0,0,0.004
7,91,47,0,0,0,0,0,0,0,0,False,0,0,0.004
7,91,48,2278,0,7137,17503,5948,0,13085,13085,False,5,31038,0.242
7,91,49,1020,0,1315,3680,1660,0,3179,3179,False,6,8147,0.068
7,91,50,863,0,1565,4085,1402,0,2967,2967,False,4,6969,0.065
7,91,51,0,0,0,0,0,0,0,0,False,0,0,0.004
7,91,52,0,0,0,0,0,0,0,0,False,0,0,0.004
7,91,53,0,0,0,0,0,0,0,0,False,0,0,0.004
7,91,54,0,0,0,0,0,0,0,0,False,0,0,0.004
7,91,55,0,0,0,0,0,0,0,0,False,0,0,0.004
7,91,56,0,0,0,0,0,0,0,0,False,0,0,0.004
7,91,57,0,0,0,0,0,0,0,0,False,0,0,0.004
7,92,41,0,0,0,0,0,0,0,0,False,0,0,0.004
7,92,42,0,0,0,0,0,0,0,0,False,0,0,0.004
7,92,43,0,0,0,0,0,0,0,0,False,0,0,0.004
7,92,44,0,0,0,0,0,0,0,0,False,0,0,0.004
7,92,45,0,0,0,0,0,0,0,0,False,0,0,0.004
7,92,46,0,0,0,0,0,0,0,0,False,0,0,0.004
7,92,47,912,0,1842,4792,1136,0,3198,3198,False,7,7628,0.069
7,92,48,70,0,70,393,70,0,112,112,False,2,555,0.006
7,92,49,944,0,2718,6895,2781,0,5499,5499,False,5,12906,0.106
7,92,50,1807,0,3814,9584,2970,0,6784,6784,False,5,15478,0.143
7,92,51,0,0,0,0,0,0,0,0,False,0,0,0.004
7,92,52,0,0,0,0,0,0,0,0,False,0,0,0.004
7,92,53,0,0,0,0,0,0,0,0,False,0,0,0.004
7,92,54,0,0,0,0,0,0,0,0,False,0,0,0.004
7,92,55,0,0,0,0,0,0,0,0,False,0,0,0.004
7,92,56,0,0,0,0,0,0,0,0,False,0,0,0.004
7,92,57,0,0,0,0,0,0,0,0,False,0,0,0.004
7,93,41,0,0,0,0,0,0,0,0,False,0,0,0.004
7,93,42,0,0,0,0,0,0,0,0,False,0,0,0.004
7,93,43,0,0,0,0,0,0,0,0,False,0,0,0.004
7,93,44,0,0,0,0,0,0,0,0,False,0,0,0.004
7,93,45,0,0,0,0,0,0,0,0,False,0,0,0.004
7,93,46,0,0,0,0,0,0,0,0,False,0,0,0.004
7,93,47,3607,0,7206,16982,5300,0,12506,12506,False,5,27917,0.244
7,93,48,0,0,0,0,0,0,0,0,False,0,0,0.004
7,93,49,236,0,252,1014,236,0,330,330,False,3,1306,0.009
7,93,50,402,0,640,2186,496,0,1169,1169,False,5,3666,0.021
7,93,51,0,0,0,0,0,0,0,0,False,0,0,0.004
7,93,52,0,0,0,0,0,0,0,0,False,0,0,0.004
7,93,53,0,0,0,0,0,0,0,0,False,0,0,0.004
7,93,54,0,0,0,0,0,0,0,0,False,0,0,0.004
7,93,55,0,0,0,0,0,0,0,0,False,0,0,0.004
7,93,56,0,0,0,0,0,0,0,0,False,0,0,0.004
7,93,57,0,0,0,0,0,0,0,0,False,0,0,0.004
7,94,41,0,0,0,0,0,0,0,0,False,0,0,0.004
7,94,42,0,0,0,0,0,0,0,0,False,0,0,0.004
7,94,43,0,0,0,0,0,0,0,0,False,0,0,0.004
7,94,44,0,0,0,0,0,0,0,0,False,0,0,0.004
7,94,45,0,0,0,0,0,0,0,0,False,0,0,0.004
7,94,46,0,0,0,0,0,0,0,0,False,0,0,0.005
7,94,47,0,0,0,0,0,0,0,0,False,0,0,0.012
7,94,48,0,0,0,0,0,0,0,0,False,0,0,0.004
7,94,49,0,0,0,0,0,0,0,0,False,0,0,0.004
7,94,50,0,0,0,0,0,0,0,0,False,0,0,0.004
7,94,51,0,0,0,0,0,0,0,0,False,0,0,0.004
7,94,52,0,0,0,0,0,0,0,0,False,0,0,0.004
7,94,53,0,0,0,0,0,0,0,0,False,0,0,0.004
7,94,54,0,0,0,0,0,0,0,0,False,0,0,0.004
7,94,55,0,0,0,0,0,0,0,0,False,0,0,0.004
7,94,56,0,0,0,0,0,0,0,0,False,0,0,0.004
7,94,57,0,0,0,0,0,0,0,0,False,0,0,0.004
7,95,41,0,0,0,0,0,0,0,0,False,0,0,0.004
7,95,42,0,0,0,0,0,0,0,0,False,0,0,0.004
7,95,43,0,0,0,0,0,0,0,0,False,0,0,0.004
7,95,44,0,0,0,0,0,0,0,0,False,0,0,0.004
7,95,45,0,0,0,0,0,0,0,0,False,0,0,0.004
7,95,46,0,0,0,0,0,0,0,0,False,0,0,0.004
7,95,47,0,0,0,0,0,0,0,0,False,0,0,0.006
7,95,48,0,0,0,0,0,0,0,0,False,0,0,0.004
7,95,49,0,0,0,0,0,0,0,0,False,0,0,0.004
7,95,50,0,0,0,0,0,0,0,0,False,0,0,0.004
7,95,51,0,0,0,0,0,0,0,0,False,0,0,0.004
7,95,52,0,0,0,0,0,0,0,0,False,0,0,0.004
7,95,53,0,0,0,0,0,0,0,0,False,0,0,0.004
7,95,54,0,0,0,0,0,0,0,0,False,0,0,0.004
7,95,55,0,0,0,0,0,0,0,0,False,0,0,0.004
7,95,56,0,0,0,0,0,0,0,0,False,0,0,0.004
7,95,57,0,0,0,0,0,0,0,0,False,0,0,0.004
7,96,41,0,0,0,0,0,0,0,0,False,0,0,0.004
7,96,42,0,0,0,0,0,0,0,0,False,0,0,0.004
7,96,43,0,0,0,0,0,0,0,0,False,0,0,0.004
7,96,44,0,0,0,0,0,0,0,0,False,0,0,0.004
7,96,45,0,0,0,0,0,0,0,0,False,0,0,0.004
7,96,46,0,0,0,0,0,0,0,0,False,0,0,0.004
7,96,47,0,0,0,0,0,0,0,0,False,0,0,0.004
7,96,48,0,0,0,0,0,0,0,0,False,0,0,0.004
7,96,49,0,0,0,0,0,0,0,0,False,0,0,0.004
7,96,50,0,0,0,0,0,0,0,0,False,0,0,0.004
7,96,51,0,0,0,0,0,0,0,0,False,0,0,0.004
7,96,52,0,0,0,0,0,0,0,0,False,0,0,0.004
7,96,53,0,0,0,0,0,0,0,0,False,0,0,0.004
7,96,54,0,0,0,0,0,0,0,0,False,0,0,0.004
7,96,55,0,0,0,0,0,0,0,0,False,0,0,0.004
7,96,56,0,0,0,0,0,0,0,0,False,0,0,0.004
7,96,57,0,0,0,0,0,0,0,0,False,0,0,0.004
7,97,41,0,0,0,0,0,0,0,0,False,0,0,0.004
7,97,42,0,0,0,0,0,0,0,0,False,0,0,0.004
7,97,43,0,0,0,0,0,0,0,0,False,0,0,0.004
7,97,44,0,0,0,0,0,0,0,0,False,0,0,0.004
7,97,45,0,0,0,0,0,0,0,0,False,0,0,0.005
7,97,46,0,0,0,0,0,0,0,0,False,0,0,0.005
7,97,47,0,0,0,0,0,0,0,0,False,0,0,0.005
7,97,48,0,0,0,0,0,0,0,0,False,0,0,0.005
7,97,49,0,0,0,0,0,0,0,0,False,0,0,0.005
7,97,50,0,0,0,0,0,0,0,0,False,0,0,0.005
7,97,51,0,0,0,0,0,0,0,0,False,0,0,0.005
7,97,52,0,0,0,0,0,0,0,0,False,0,0,0.005
7,97,53,0,0,0,0,0,0,0,0,False,0,0,0.005
7,97,54,0,0,0,0,0,0,0,0,False,0,0,0.005
7,97,55,0,0,0,0,0,0,0,0,False,0,0,0.005
7,97,56,0,0,0,0,0,0,0,0,False,0,0,0.005
7,97,57,0,0,0,0,0,0,0,0,False,0,0,0.005
7,98,41,0,0,0,0,0,0,0,0,False,0,0,0.005
7,98,42,0,0,0,0,0,0,0,0,False,0,0,0.005
7,98,43,0,0,0,0,0,0,0,0,False,0,0,0.005
7,98,44,0,0,0,0,0,0,0,0,False,0,0,0.005
7,98,45,0,0,0,0,0,0,0,0,False,0,0,0.005
7,98,46,0,0,0,0,0,0,0,0,False,0,0,0.005
7,98,47,0,0,0,0,0,0,0,0,False,0,0,0.005
7,98,48,505,0,1151,3130,922,0,2073,2073,False,4,4980,0.047
7,98,49,400,0,807,2487,867,0,1730,1730,False,7,4709,0.035
7,98,50,3117,0,6132,15718,5508,0,11640,11640,False,5,27956,0.210
7,98,51,761,0,1259,3436,1201,0,2460,2460,False,4,6291,0.047
7,98,52,0,0,0,0,0,0,0,0,False,0,0,0.004
7,98,53,0,0,0,0,0,0,0,0,False,0,0,0.004
7,98,54,0,0,0,0,0,0,0,0,False,0,0,0.004
7,98,55,0,0,0,0,0,0,0,0,False,0,0,0.004
7,98,56,0,0,0,0,0,0,0,0,False,0,0,0.004
7,98,57,0,0,0,0,0,0,0,0,False,0,0,0.004
7,99,41,0,0,0,0,0,0,0,0,False,0,0,0.004
7,99,42,0,0,0,0,0,0,0,0,False,0,0,0.004
7,99,43,0,0,0,0,0,0,0,0,False,0,0,0.004
7,99,44,0,0,0,0,0,0,0,0,False,0,0,0.004
7,99,45,0,0,0,0,0,0,0,0,False,0,0,0.004
7,99,46,0,0,0,0,0,0,0,0,False,0,0,0.004
7,99,47,562,0,576,1661,562,0,686,686,False,3,1971,0.017
7,99,48,2712,0,6078,14963,5588,0,11666,11666,False,5,27420,0.217
7,99,49,2267,0,9938,25566,4560,0,19832,19832,False,14,47250,0.368
7,99,50,4179,0,9129,23818,9084,0,18770,18770,False,11,45335,0.350
7,99,51,2430,0,9158,23247,5269,0,17109,17109,False,9,40045,0.342
7,99,52,252,0,493,1501,414,0,907,907,False,4,2339,0.025
7,99,53,0,0,0,0,0,0,0,0,False,0,0,0.004
7,99,54,0,0,0,0,0,0,0,0,False,0,0,0.004
7,99,55,0,0,0,0,0,0,0,0,False,0,0,0.004
7,99,56,0,0,0,0,0,0,0,0,False,0,0,0.004
7,99,57,0,0,0,0,0,0,0,0,False,0,0,0.004
7,100,41,0,0,0,0,0,0,0,0,False,0,0,0.004
7,100,42,0,0,0,0,0,0,0,0,False,0,0,0.004
7,100,43,0,0,0,0,0,0,0,0,False,0,0,0.004
7,100,44,0,0,0,0,0,0,0,0,False,0,0,0.004
7,100,45,0,0,0,0,0,0,0,0,False,0,0,0.004
7,100,46,0,0,0,0,0,0,0,0,False,0,0,0.004
7,100,47,0,0,0,0,0,0,0,0,False,0,0,0.004
7,100,48,0,0,0,0,0,0,0,0,False,0,0,0.004
7,100,49,1877,0,4387,11707,3776,0,9465,9465,False,11,23140,0.182
7,100,50,5458,0,14372,37519,11098,0,27861,27861,False,13,67962,0.531
7,100,51,3793,0,16155,41730,7154,0,29718,29718,False,19,71618,0.547
7,100,52,5987,0,12816,31088,10273,0,23205,23205,False,7,52088,0.484
7,100,53,1608,0,4002,9868,3521,0,7523,7523,False,5,16965,0.158
7,100,54,0,0,0,0,0,0,0,0,False,0,0,0.004
7,100,55,0,0,0,0,0,0,0,0,False,0,0,0.004
7,100,56,0,0,0,0,0,0,0,0,False,0,0,0.004
7,100,57,0,0,0,0,0,0,0,0,False,0,0,0.004
7,101,41,0,0,0,0,0,0,0,0,False,0,0,0.004
7,101,42,0,0,0,0,0,0,0,0,False,0,0,0.004
7,101,43,0,0,0,0,0,0,0,0,False,0,0,0.004
7,101,44,0,0,0,0,0,0,0,0,False,0,0,0.004
7,101,45,0,0,0,0,0,0,0,0,False,0,0,0.004
7,101,46,0,0,0,0,0,0,0,0,False,0,0,0.013
7,101,47,101,0,101,500,325,0,426,426,False,2,1323,0.012
7,101,48,1401,0,2416,6472,2701,0,5117,5117,False,5,12602,0.092
7,101,49,5638,0,11643,29596,11912,0,23729,23729,False,7,56909,0.427
7,101,50,4544,0,14195,36880,7370,0,26933,26933,False,16,65324,0.522
7,101,51,9290,0,19411,51091,14619,0,35324,35324,False,12,87766,0.590
7,101,52,9298,0,26479,67686,16563,0,49136,49136,False,10,119266,0.803
7,101,53,1710,0,6489,15780,2826,0,12053,12053,False,12,27407,0.224
7,101,54,2167,0,3871,9439,4134,0,8005,8005,False,5,18113,0.156
7,101,55,0,0,0,0,0,0,0,0,False,0,0,0.004
7,101,56,0,0,0,0,0,0,0,0,False,0,0,0.004
7,101,57,0,0,0,0,0,0,0,0,False,0,0,0.004
7,102,41,0,0,0,0,0,0,0,0,False,0,0,0.004
7,102,42,0,0,0,0,0,0,0,0,False,0,0,0.004
7,102,43,0,0,0,0,0,0,0,0,False,0,0,0.004
7,102,44,0,0,0,0,0,0,0,0,False,0,0,0.004
7,102,45,0,0,0,0,0,0,0,0,False,0,0,0.004
7,102,46,0,0,0,0,0,0,0,0,False,0,0,0.004
7,102,47,4054,0,6986,17639,5873,0,12859,12859,False,5,30893,0.220
7,102,48,5948,0,9988,25196,9824,0,20474,20474,False,7,48842,0.358
7,102,49,4035,0,11740,30169,8031,0,24796,24796,False,13,59500,0.446
7,102,50,7334,0,16671,42822,12314,0,29225,29225,False,9,70856,0.550
7,102,51,6183,0,17260,42280,9106,0,31625,31625,False,14,73128,0.586
7,102,52,2623,0,8782,23451,4727,0,15781,15781,False,17,39220,0.267
7,102,53,4747,0,18000,45166,7987,0,33164,33164,False,10,78159,0.604
7,102,54,3407,0,8307,21856,5970,0,15155,15155,False,9,37417,0.251
7,102,55,0,0,0,0,0,0,0,0,False,0,0,0.004
7,102,56,0,0,0,0,0,0,0,0,False,0,0,0.004
7,102,57,0,0,0,0,0,0,0,0,False,0,0,0.004
7,103,41,0,0,0,0,0,0,0,0,False,0,0,0.004
7,103,42,0,0,0,0,0,0,0,0,False,0,0,0.004
7,103,43,0,0,0,0,0,0,0,0,False,0,0,0.004
7,103,44,0,0,0,0,0,0,0,0,False,0,0,0.004
7,103,45,0,0,0,0,0,0,0,0,False,0,0,0.004
7,103,46,0,0,0,0,0,0,0,0,False,0,0,0.004
7,103,47,825,0,1305,3421,1546,0,2851,2851,False,3,6960,0.054
7,103,48,3992,0,15844,41173,6672,0,29729,29729,False,19,72335,0.526
7,103,49,3739,0,14035,36667,8638,0,28297,28297,False,15,68894,0.519
7,103,50,4474,0,16749,43266,8788,0,32593,32593,False,14,78737,0.588
7,103,51,8160,0,18768,45055,13622,0,35708,35708,False,14,80802,0.667
7,103,52,2821,0,7271,18456,4294,0,14428,14428,False,12,34363,0.261
7,103,53,6407,0,21131,56150,9705,0,40967,40967,False,20,102843,0.662
7,103,54,5715,0,15852,42046,9724,0,30033,30033,False,14,75312,0.492
7,103,55,0,0,0,0,0,0,0,0,False,0,0,0.005
7,103,56,0,0,0,0,0,0,0,0,False,0,0,0.004
7,103,57,0,0,0,0,0,0,0,0,False,0,0,0.004
7,104,41,0,0,0,0,0,0,0,0,False,0,0,0.004
7,104,42,0,0,0,0,0,0,0,0,False,0,0,0.004
7,104,43,0,0,0,0,0,0,0,0,False,0,0,0.004
7,104,44,0,0,0,0,0,0,0,0,False,0,0,0.004
7,104,45,0,0,0,0,0,0,0,0,False,0,0,0.004
7,104,46,0,0,0,0,0,0,0,0,False,0,0,0.004
7,104,47,404,0,466,1512,671,0,1137,1137,False,3,3128,0.024
7,104,48,4541,0,15861,42708,9690,0,30346,30346,False,19,77291,0.506
7,104,49,7666,0,21154,57416,13587,0,42811,42811,False,19,109357,0.698
7,104,50,4988,0,17309,45638,9556,0,36987,36987,False,20,91929,0.632
7,104,51,8384,0,18396,44463,16004,0,37704,37704,False,9,85713,0.729
7,104,52,3259,0,6878,16725,5142,0,13371,13371,False,8,30421,0.260
7,104,53,4268,0,13859,35269,7418,0,27831,27831,False,10,65918,0.503
7,104,54,4160,0,16319,41320,6857,0,29715,29715,False,10,70670,0.534
7,104,55,0,0,0,0,0,0,0,0,False,0,0,0.005
7,104,56,0,0,0,0,0,0,0,0,False,0,0,0.004
7,104,57,0,0,0,0,0,0,0,0,False,0,0,0.004
7,105,41,0,0,0,0,0,0,0,0,False,0,0,0.004
7,105,42,0,0,0,0,0,0,0,0,False,0,0,0.004
7,105,43,0,0,0,0,0,0,0,0,False,0,0,0.004
7,105,44,0,0,0,0,0,0,0,0,False,0,0,0.004
7,105,45,0,0,0,0,0,0,0,0,False,0,0,0.004
7,105,46,905,0,1359,3463,1278,0,2637,2637,False,4,6170,0.055
7,105,47,3145,0,11311,29996,7839,0,22695,22695,False,12,56963,0.388
7,105,48,6470,0,21527,58034,12520,0,42008,42008,False,15,107796,0.692
7,105,49,4830,0,21717,59893,11080,0,45418,45418,False,15,118336,0.740
7,105,50,4906,0,11824,30138,11842,0,28673,28673,False,13,67601,0.576
7,105,51,7857,0,17870,44010,19528,0,38199,38199,False,10,87523,0.749
7,105,52,1712,0,4904,12575,3181,0,10956,10956,False,16,25646,0.199
7,105,53,8938,0,16132,38865,15358,0,31490,31490,False,5,70949,0.621
7,105,54,2535,0,5074,12276,5362,0,10436,10436,False,5,23509,0.196
7,105,55,0,0,0,0,0,0,0,0,False,0,0,0.004
7,105,56,0,0,0,0,0,0,0,0,False,0,0,0.004
7,105,57,0,0,0,0,0,0,0,0,False,0,0,0.004
7,106,41,0,0,0,0,0,0,0,0,False,0,0,0.004
7,106,42,0,0,0,0,0,0,0,0,False,0,0,0.004
7,106,43,0,0,0,0,0,0,0,0,False,0,0,0.004
7,106,44,382,0,510,1413,811,0,1321,1321,False,3,3146,0.029
7,106,45,2648,0,4811,11520,4672,0,9623,9623,False,6,21541,0.180
7,106,46,7293,0,13926,32560,14783,0,28741,28741,False,7,64092,0.522
7,106,47,4045,0,12527,30026,9558,0,26409,26409,False,13,59698,0.497
7,106,48,4837,0,10243,27232,7720,0,20948,20948,False,11,52571,0.354
7,106,49,158,0,327,1281,583,0,910,910,False,4,2765,0.020
7,106,50,2657,0,5032,12523,5670,0,10702,10702,False,5,24366,0.217
7,106,51,1166,0,3660,9744,2896,0,8483,8483,False,10,20086,0.178
7,106,52,428,0,1304,3764,1046,0,2687,2687,False,8,6850,0.051
7,106,53,462,0,694,1916,818,0,1520,1520,False,4,3829,0.033
7,106,54,0,0,0,0,0,0,0,0,False,0,0,0.004
7,106,55,0,0,0,0,0,0,0,0,False,0,0,0.004
7,106,56,0,0,0,0,0,0,0,0,False,0,0,0.004
7,106,57,0,0,0,0,0,0,0,0,False,0,0,0.004
7,107,41,0,0,0,0,0,0,0,0,False,0,0,0.004
7,107,42,1008,0,1547,3869,1653,0,3200,3200,False,4,7326,0.061
7,107,43,3385,0,8097,18727,7339,0,15436,15436,False,5,33986,0.279
7,107,44,6915,0,13317,30832,13620,0,26937,26937,False,5,59434,0.490
7,107,45,8921,0,18316,42319,17506,0,35906,35906,False,7,79417,0.648
7,107,46,10186,0,26778,61910,19112,0,52381,52381,False,10,117363,0.919
7,107,47,9427,0,19427,45868,17249,0,39140,39140,False,10,88056,0.723
7,107,48,2703,0,5579,13997,5148,0,12848,12848,False,15,29475,0.250
7,107,49,0,0,0,0,0,0,0,0,False,0,0,0.004
7,107,50,0,0,0,0,0,0,0,0,False,0,0,0.004
7,107,51,0,0,0,0,0,0,0,0,False,0,0,0.004
7,107,52,0,0,0,0,0,0,0,0,False,0,0,0.004
7,107,53,0,0,0,0,0,0,0,0,False,0,0,0.004
7,107,54,0,0,0,0,0,0,0,0,False,0,0,0.004
7,107,55,0,0,0,0,0,0,0,0,False,0,0,0.004
7,107,56,0,0,0,0,0,0,0,0,False,0,0,0.004
7,107,57,0,0,0,0,0,0,0,0,False,0,0,0.004
7,108,41,0,0,0,0,0,0,0,0,False,0,0,0.004
7,108,42,2642,0,4997,11627,4052,0,9049,9049,False,4,20075,0.160
7,108,43,6290,0,14569,33498,11819,0,26388,26388,False,5,58136,0.496
7,108,44,7980,0,16975,39524,15608,0,33584,33584,False,9,74748,0.621
7,108,45,5435,0,20081,47260,11082,0,39301,39301,False,13,87693,0.709
7,108,46,4099,0,15294,36144,9136,0,33389,33389,False,16,74561,0.592
7,108,47,2906,0,12887,31151,5920,0,25047,25047,False,14,56312,0.499
7,108,48,2994,0,6198,15188,4157,0,10980,10980,False,10,25271,0.222
7,108,49,0,0,0,0,0,0,0,0,False,0,0,0.004
7,108,50,0,0,0,0,0,0,0,0,False,0,0,0.004
7,108,51,0,0,0,0,0,0,0,0,False,0,0,0.004
7,108,52,0,0,0,0,0,0,0,0,False,0,0,0.004
7,108,53,0,0,0,0,0,0,0,0,False,0,0,0.004
7,108,54,0,0,0,0,0,0,0,0,False,0,0,0.004
7,108,55,0,0,0,0,0,0,0,0,False,0,0,0.004
7,108,56,0,0,0,0,0,0,0,0,False,0,0,0.004
7,108,57,0,0,0,0,0,0,0,0,False,0,0,0.004
7,109,41,0,0,0,0,0,0,0,0,False,0,0,0.004
7,109,42,0,0,0,0,0,0,0,0,False,0,0,0.004
7,109,43,202,0,402,1191,524,0,926,926,False,3,2342,0.020
7,109,44,5266,0,11770,27410,7822,0,22665,22665,False,8,50176,0.399
7,109,45,8022,0,14343,33331,15300,0,29643,29643,False,5,65692,0.557
7,109,46,4816,0,11295,27231,10232,0,23898,23898,False,9,53889,0.463
7,109,47,3190,0,11034,26340,5334,0,19943,19943,False,11,45391,0.403
7,109,48,940,0,2045,5161,1410,0,3455,3455,False,4,7985,0.076
7,109,49,0,0,0,0,0,0,0,0,False,0,0,0.004
7,109,50,0,0,0,0,0,0,0,0,False,0,0,0.004
7,109,51,0,0,0,0,0,0,0,0,False,0,0,0.004
7,109,52,0,0,0,0,0,0,0,0,False,0,0,0.004
7,109,53,0,0,0,0,0,0,0,0,False,0,0,0.004
7,109,54,0,0,0,0,0,0,0,0,False,0,0,0.004
7,109,55,0,0,0,0,0,0,0,0,False,0,0,0.004
7,109,56,0,0,0,0,0,0,0,0,False,0,0,0.004
7,109,57,0,0,0,0,0,0,0,0,False,0,0,0.004
7,110,41,0,0,0,0,0,0,0,0,False,0,0,0.004
7,110,42,0,0,0,0,0,0,0,0,False,0,0,0.004
7,110,43,0,0,0,0,0,0,0,0,False,0,0,0.004
7,110,44,4245,0,7653,17703,6587,0,14240,14240,False,5,31646,0.262
7,110,45,4850,0,9206,21694,9064,0,18270,18270,False,5,40759,0.357
7,110,46,874,0,1674,4378,1478,0,3152,3152,False,5,7494,0.067
7,110,47,0,0,0,0,0,0,0,0,False,0,0,0.004
7,110,48,0,0,0,0,0,0,0,0,False,0,0,0.004
7,110,49,0,0,0,0,0,0,0,0,False,0,0,0.004
7,110,50,0,0,0,0,0,0,0,0,False,0,0,0.004
7,110,51,0,0,0,0,0,0,0,0,False,0,0,0.004
7,110,52,0,0,0,0,0,0,0,0,False,0,0,0.004
7,110,53,0,0,0,0,0,0,0,0,False,0,0,0.004
7,110,54,0,0,0,0,0,0,0,0,False,0,0,0.004
7,110,55,0,0,0,0,0,0,0,0,False,0,0,0.004
7,110,56,0,0,0,0,0,0,0,0,False,0,0,0.004
7,110,57,0,0,0,0,0,0,0,0,False,0,0,0.004
7,111,41,0,0,0,0,0,0,0,0,False,0,0,0.004
7,111,42,0,0,0,0,0,0,0,0,False,0,0,0.004
7,111,43,0,0,0,0,0,0,0,0,False,0,0,0.004
7,111,44,160,0,292,1050,261,0,553,553,False,4,1671,0.015
7,111,45,0,0,0,0,0,0,0,0,False,0,0,0.004
7,111,46,0,0,0,0,0,0,0,0,False,0,0,0.004
7,111,47,0,0,0,0,0,0,0,0,False,0,0,0.004
7,111,48,0,0,0,0,0,0,0,0,False,0,0,0.004
7,111,49,0,0,0,0,0,0,0,0,False,0,0,0.004
7,111,50,0,0,0,0,0,0,0,0,False,0,0,0.004
7,111,51,0,0,0,0,0,0,0,0,False,0,0,0.004
7,111,52,0,0,0,0,0,0,0,0,False,0,0,0.004
7,111,53,0,0,0,0,0,0,0,0,False,0,0,0.004
7,111,54,0,0,0,0,0,0,0,0,False,0,0,0.004
7,111,55,0,0,0,0,0,0,0,0,False,0,0,0.004
7,111,56,0,0,0,0,0,0,0,0,False,0,0,0.004
7,111,57,0,0,0,0,0,0,0,0,False,0,0,0.004
9,404,208,,,,,50,0,18090,18090,False,836,78041,0.206
9,404,209,,,,,57,0,24690,24690,False,728,75761,0.126
9,405,208,,,,,27,0,20640,20640,False,986,91351,0.104
9,405,209,,,,,28,0,22592,22592,False,1078,100705,0.114
9,412,196,,,,,38,0,14604,14604,False,546,59358,0.074
9,428,185,,,,,62,0,22788,22788,False,506,60959,0.122
9,429,185,,,,,57,0,23500,23500,False,498,62326,0.127
9,430,186,,,,,63,0,23924,23924,False,522,64235,0.130
