z,x,y,feature_count,feature_coordinate_count,feature_coordinate_overflow_count,coordinate_count,coordinate_count_unbounded,truncated,tile_bytes,seconds
3,5,2,2,317,0,535,535,False,1787,0.2478
3,5,3,4,1116,0,2679,2679,False,8422,0.1189
3,6,2,17,5828,0,25069,25069,False,76641,1.3585
3,6,3,56,4962,0,86008,86008,False,248347,3.0874
4,11,5,2,317,0,535,535,False,1776,0.0356
4,11,6,4,1116,0,2679,2679,False,8597,0.0966
4,11,7,0,0,0,0,0,False,0,0.0033
4,12,5,3,308,0,712,712,False,2319,0.0289
4,12,6,33,4962,0,52331,52331,False,149416,1.4766
4,12,7,0,0,0,0,0,False,0,0.0038
4,13,5,14,5828,0,24357,24357,False,75441,0.8692
4,13,6,32,3086,0,33737,33737,False,104129,0.8938
4,13,7,0,0,0,0,0,False,0,0.0038
5,22,10,0,0,0,0,0,False,0,0.0033
5,22,11,0,0,0,0,0,False,0,0.0033
5,22,12,5,1516,0,3235,3235,False,10125,0.1102
5,22,13,0,0,0,0,0,False,0,0.0033
5,22,14,0,0,0,0,0,False,0,0.0033
5,23,10,0,0,0,0,0,False,0,0.0031
5,23,11,4,888,0,1541,1541,False,4776,0.068
5,23,12,5,876,0,2140,2140,False,6778,0.0651
5,23,13,0,0,0,0,0,False,0,0.0033
5,23,14,0,0,0,0,0,False,0,0.0033
5,24,10,0,0,0,0,0,False,0,0.0033
5,24,11,1,206,0,206,206,False,822,0.0103
5,24,12,14,2830,0,11468,11468,False,31622,0.3147
5,24,13,2,130,0,174,174,False,733,0.0093
5,24,14,0,0,0,0,0,False,0,0.0033
5,25,10,0,0,0,0,0,False,0,0.0033
5,25,11,3,1162,0,1682,1682,False,4581,0.05
5,25,12,32,5199,0,52824,52824,False,142594,1.4253
5,25,13,24,4367,0,37922,37922,False,113722,0.8957
5,25,14,0,0,0,0,0,False,0,0.0038
5,26,10,3,770,0,1706,1706,False,5172,0.06
5,26,11,13,5454,0,22930,22930,False,67836,0.7159
5,26,12,37,4929,0,49275,49275,False,148784,1.1852
5,26,13,15,4427,0,16313,16313,False,48948,0.437
5,26,14,0,0,0,0,0,False,0,0.0038
5,27,10,3,1505,0,3786,3786,False,11062,0.127
5,27,11,15,5185,0,24542,24542,False,70877,0.8105
5,27,12,4,1058,0,2009,2009,False,5752,0.0656
5,27,13,0,0,0,0,0,False,0,0.0034
5,27,14,0,0,0,0,0,False,0,0.0033
6,45,20,0,0,0,0,0,False,0,0.0033
6,45,21,0,0,0,0,0,False,0,0.0033
6,45,22,0,0,0,0,0,False,0,0.0033
6,45,23,0,0,0,0,0,False,0,0.0033
6,45,24,6,2892,0,6820,6820,False,19198,0.1865
6,45,25,3,483,0,903,903,False,2617,0.0287
6,45,26,0,0,0,0,0,False,0,0.0033
6,45,27,0,0,0,0,0,False,0,0.0033
6,45,28,0,0,0,0,0,False,0,0.0033
6,46,20,0,0,0,0,0,False,0,0.0033
6,46,21,0,0,0,0,0,False,0,0.0033
6,46,22,0,0,0,0,0,False,0,0.0033
6,46,23,6,2128,0,4349,4349,False,11505,0.129
6,46,24,7,580,0,1740,1740,False,5300,0.0481
6,46,25,6,1091,0,2774,2774,False,7727,0.0727
6,46,26,0,0,0,0,0,False,0,0.0033
6,46,27,0,0,0,0,0,False,0,0.0033
6,46,28,0,0,0,0,0,False,0,0.0033
6,47,20,0,0,0,0,0,False,0,0.0033
6,47,21,0,0,0,0,0,False,0,0.0033
6,47,22,0,0,0,0,0,False,0,0.0033
6,47,23,0,0,0,0,0,False,0,0.0121
6,47,24,0,0,0,0,0,False,0,0.0033
6,47,25,0,0,0,0,0,False,0,0.0033
6,47,26,0,0,0,0,0,False,0,0.0033
6,47,27,0,0,0,0,0,False,0,0.0033
6,47,28,0,0,0,0,0,False,0,0.0033
6,48,20,0,0,0,0,0,False,0,0.0033
6,48,21,0,0,0,0,0,False,0,0.0033
6,48,22,0,0,0,0,0,False,0,0.0033
6,48,23,0,0,0,0,0,False,0,0.0033
6,48,24,0,0,0,0,0,False,0,0.0033
6,48,25,0,0,0,0,0,False,0,0.0033
6,48,26,0,0,0,0,0,False,0,0.0033
6,48,27,0,0,0,0,0,False,0,0.0033
6,48,28,0,0,0,0,0,False,0,0.0033
6,49,20,0,0,0,0,0,False,0,0.0033
6,49,21,0,0,0,0,0,False,0,0.0033
6,49,22,0,0,0,0,0,False,0,0.0033
6,49,23,2,270,0,280,280,False,1047,0.0113
6,49,24,11,2588,0,9838,9838,False,27200,0.2489
6,49,25,12,6075,0,15080,15080,False,38027,0.3678
6,49,26,3,152,0,295,295,False,1032,0.0128
6,49,27,0,0,0,0,0,False,0,0.0033
6,49,28,0,0,0,0,0,False,0,0.0033
6,50,20,0,0,0,0,0,False,0,0.0033
6,50,21,0,0,0,0,0,False,0,0.0033
6,50,22,0,0,0,0,0,False,0,0.0033
6,50,23,1,55,0,55,55,False,390,0.005
6,50,24,11,4177,0,11139,11139,False,28274,0.2652
6,50,25,27,7744,0,39854,39854,False,105902,0.8935
6,50,26,12,6613,0,30400,30400,False,82107,0.6882
6,50,27,4,1163,0,2223,2223,False,5886,0.0614
6,50,28,0,0,0,0,0,False,0,0.0033
6,51,20,0,0,0,0,0,False,0,0.0033
6,51,21,0,0,0,0,0,False,0,0.0033
6,51,22,0,0,0,0,0,False,0,0.0033
6,51,23,4,2756,0,4766,4766,False,12247,0.1109
6,51,24,19,6288,0,30498,30498,False,77851,0.7283
6,51,25,21,7911,0,40934,40934,False,105445,0.9761
6,51,26,28,6871,0,35739,35739,False,99965,0.8502
6,51,27,15,3699,0,16207,16207,False,46314,0.3154
6,51,28,0,0,0,0,0,False,0,0.0035
6,52,20,0,0,0,0,0,False,0,0.0031
6,52,21,0,0,0,0,0,False,0,0.0031
6,52,22,0,0,0,0,0,False,0,0.0031
6,52,23,9,1991,0,8320,8320,False,23877,0.1766
6,52,24,27,8562,0,56336,56336,False,164552,1.1847
6,52,25,21,10126,0,39833,39833,False,108080,1.0013
6,52,26,20,7440,0,25232,25232,False,67230,0.6196
6,52,27,8,3485,0,13101,13101,False,35575,0.2961
6,52,28,0,0,0,0,0,False,0,0.0037
6,53,20,0,0,0,0,0,False,0,0.0033
6,53,21,4,1797,0,4317,4317,False,11257,0.1186
6,53,22,5,8199,0,16894,16894,False,43822,0.461
6,53,23,14,14395,0,35590,35590,False,92943,0.9311
6,53,24,19,3333,0,10487,10487,False,29752,0.2376
6,53,25,8,2322,0,5538,5538,False,15101,0.1546
6,53,26,8,258,0,1208,1208,False,3839,0.0327
6,53,27,0,0,0,0,0,False,0,0.0034
6,53,28,0,0,0,0,0,False,0,0.0033
6,54,20,0,0,0,0,0,False,0,0.0033
6,54,21,4,3710,0,9272,9272,False,23656,0.2495
6,54,22,10,8064,0,30390,30390,False,78336,0.8075
6,54,23,19,4985,0,26820,26820,False,68951,0.7157
6,54,24,7,2312,0,5073,5073,False,13205,0.14
6,54,25,0,0,0,0,0,False,0,0.0036
6,54,26,0,0,0,0,0,False,0,0.0033
6,54,27,0,0,0,0,0,False,0,0.0033
6,54,28,0,0,0,0,0,False,0,0.0033
6,55,20,0,0,0,0,0,False,0,0.0033
6,55,21,0,0,0,0,0,False,0,0.0033
6,55,22,4,3999,0,8155,8155,False,20973,0.2333
6,55,23,4,380,0,866,866,False,2639,0.0281
6,55,24,0,0,0,0,0,False,0,0.0034
6,55,25,0,0,0,0,0,False,0,0.0033
6,55,26,0,0,0,0,0,False,0,0.0033
6,55,27,0,0,0,0,0,False,0,0.0033
6,55,28,0,0,0,0,0,False,0,0.0033
7,90,41,0,0,0,0,0,False,0,0.0033
7,90,42,0,0,0,0,0,False,0,0.0033
7,90,43,0,0,0,0,0,False,0,0.0033
7,90,44,0,0,0,0,0,False,0,0.0033
7,90,45,0,0,0,0,0,False,0,0.0033
7,90,46,0,0,0,0,0,False,0,0.0033
7,90,47,0,0,0,0,0,False,0,0.0038
7,90,48,4,3714,0,7218,7218,False,17842,0.1566
7,90,49,4,869,0,1480,1480,False,3969,0.035
7,90,50,0,0,0,0,0,False,0,0.0034
7,90,51,0,0,0,0,0,False,0,0.0033
7,90,52,0,0,0,0,0,False,0,0.0033
7,90,53,0,0,0,0,0,False,0,0.0033
7,90,54,0,0,0,0,0,False,0,0.0033
7,90,55,0,0,0,0,0,False,0,0.0033
7,90,56,0,0,0,0,0,False,0,0.0033
7,90,57,0,0,0,0,0,False,0,0.0033
7,91,41,0,0,0,0,0,False,0,0.0035
7,91,42,0,0,0,0,0,False,0,0.0036
7,91,43,0,0,0,0,0,False,0,0.0036
7,91,44,0,0,0,0,0,False,0,0.0035
7,91,45,0,0,0,0,0,False,0,0.0036
7,91,46,0,0,0,0,0,False,0,0.0036
7,91,47,0,0,0,0,0,False,0,0.0034
7,91,48,5,5948,0,13085,13085,False,31038,0.2423
7,91,49,6,1660,0,3179,3179,False,8147,0.0676
7,91,50,4,1402,0,2967,2967,False,6969,0.0643
7,91,51,0,0,0,0,0,False,0,0.0034
7,91,52,0,0,0,0,0,False,0,0.0033
7,91,53,0,0,0,0,0,False,0,0.0033
7,91,54,0,0,0,0,0,False,0,0.0033
7,91,55,0,0,0,0,0,False,0,0.0033
7,91,56,0,0,0,0,0,False,0,0.0033
7,91,57,0,0,0,0,0,False,0,0.0034
7,92,41,0,0,0,0,0,False,0,0.0033
7,92,42,0,0,0,0,0,False,0,0.0033
7,92,43,0,0,0,0,0,False,0,0.0033
7,92,44,0,0,0,0,0,False,0,0.0033
7,92,45,0,0,0,0,0,False,0,0.0033
7,92,46,0,0,0,0,0,False,0,0.0033
7,92,47,7,1136,0,3198,3198,False,7628,0.0727
7,92,48,2,70,0,112,112,False,555,0.0056
7,92,49,5,2781,0,5499,5499,False,12906,0.105
7,92,50,5,2970,0,6784,6784,False,15478,0.1441
7,92,51,0,0,0,0,0,False,0,0.0035
7,92,52,0,0,0,0,0,False,0,0.0033
7,92,53,0,0,0,0,0,False,0,0.0033
7,92,54,0,0,0,0,0,False,0,0.0033
7,92,55,0,0,0,0,0,False,0,0.0033
7,92,56,0,0,0,0,0,False,0,0.0033
7,92,57,0,0,0,0,0,False,0,0.0033
7,93,41,0,0,0,0,0,False,0,0.0033
7,93,42,0,0,0,0,0,False,0,0.0033
7,93,43,0,0,0,0,0,False,0,0.0033
7,93,44,0,0,0,0,0,False,0,0.0033
7,93,45,0,0,0,0,0,False,0,0.0033
7,93,46,0,0,0,0,0,False,0,0.0034
7,93,47,5,5300,0,12506,12506,False,27917,0.2472
7,93,48,0,0,0,0,0,False,0,0.0038
7,93,49,3,236,0,330,330,False,1306,0.0082
7,93,50,5,496,0,1169,1169,False,3666,0.0204
7,93,51,0,0,0,0,0,False,0,0.0033
7,93,52,0,0,0,0,0,False,0,0.0033
7,93,53,0,0,0,0,0,False,0,0.0033
7,93,54,0,0,0,0,0,False,0,0.0033
7,93,55,0,0,0,0,0,False,0,0.0033
7,93,56,0,0,0,0,0,False,0,0.0033
7,93,57,0,0,0,0,0,False,0,0.0033
7,94,41,0,0,0,0,0,False,0,0.0033
7,94,42,0,0,0,0,0,False,0,0.0033
7,94,43,0,0,0,0,0,False,0,0.0033
7,94,44,0,0,0,0,0,False,0,0.0033
7,94,45,0,0,0,0,0,False,0,0.0036
7,94,46,0,0,0,0,0,False,0,0.0045
7,94,47,0,0,0,0,0,False,0,0.0124
7,94,48,0,0,0,0,0,False,0,0.0033
7,94,49,0,0,0,0,0,False,0,0.0033
7,94,50,0,0,0,0,0,False,0,0.0033
7,94,51,0,0,0,0,0,False,0,0.0033
7,94,52,0,0,0,0,0,False,0,0.0033
7,94,53,0,0,0,0,0,False,0,0.0033
7,94,54,0,0,0,0,0,False,0,0.0033
7,94,55,0,0,0,0,0,False,0,0.0033
7,94,56,0,0,0,0,0,False,0,0.0033
7,94,57,0,0,0,0,0,False,0,0.0033
7,95,41,0,0,0,0,0,False,0,0.0033
7,95,42,0,0,0,0,0,False,0,0.0033
7,95,43,0,0,0,0,0,False,0,0.0033
7,95,44,0,0,0,0,0,False,0,0.0033
7,95,45,0,0,0,0,0,False,0,0.0033
7,95,46,0,0,0,0,0,False,0,0.0033
7,95,47,0,0,0,0,0,False,0,0.0057
7,95,48,0,0,0,0,0,False,0,0.0033
7,95,49,0,0,0,0,0,False,0,0.0033
7,95,50,0,0,0,0,0,False,0,0.0033
7,95,51,0,0,0,0,0,False,0,0.0033
7,95,52,0,0,0,0,0,False,0,0.0033
7,95,53,0,0,0,0,0,False,0,0.0033
7,95,54,0,0,0,0,0,False,0,0.0033
7,95,55,0,0,0,0,0,False,0,0.0033
7,95,56,0,0,0,0,0,False,0,0.0033
7,95,57,0,0,0,0,0,False,0,0.0033
7,96,41,0,0,0,0,0,False,0,0.0033
7,96,42,0,0,0,0,0,False,0,0.0033
7,96,43,0,0,0,0,0,False,0,0.0033
7,96,44,0,0,0,0,0,False,0,0.0033
7,96,45,0,0,0,0,0,False,0,0.0033
7,96,46,0,0,0,0,0,False,0,0.0033
7,96,47,0,0,0,0,0,False,0,0.0033
7,96,48,0,0,0,0,0,False,0,0.0033
7,96,49,0,0,0,0,0,False,0,0.0033
7,96,50,0,0,0,0,0,False,0,0.0033
7,96,51,0,0,0,0,0,False,0,0.0033
7,96,52,0,0,0,0,0,False,0,0.0033
7,96,53,0,0,0,0,0,False,0,0.0033
7,96,54,0,0,0,0,0,False,0,0.0033
7,96,55,0,0,0,0,0,False,0,0.0033
7,96,56,0,0,0,0,0,False,0,0.0033
7,96,57,0,0,0,0,0,False,0,0.0033
7,97,41,0,0,0,0,0,False,0,0.0033
7,97,42,0,0,0,0,0,False,0,0.0033
7,97,43,0,0,0,0,0,False,0,0.0033
7,97,44,0,0,0,0,0,False,0,0.0033
7,97,45,0,0,0,0,0,False,0,0.0033
7,97,46,0,0,0,0,0,False,0,0.0033
7,97,47,0,0,0,0,0,False,0,0.0033
7,97,48,0,0,0,0,0,False,0,0.0033
7,97,49,0,0,0,0,0,False,0,0.0033
7,97,50,0,0,0,0,0,False,0,0.0033
7,97,51,0,0,0,0,0,False,0,0.0033
7,97,52,0,0,0,0,0,False,0,0.0034
7,97,53,0,0,0,0,0,False,0,0.0038
7,97,54,0,0,0,0,0,False,0,0.0038
7,97,55,0,0,0,0,0,False,0,0.0038
7,97,56,0,0,0,0,0,False,0,0.0038
7,97,57,0,0,0,0,0,False,0,0.0033
7,98,41,0,0,0,0,0,False,0,0.0033
7,98,42,0,0,0,0,0,False,0,0.0033
7,98,43,0,0,0,0,0,False,0,0.0033
7,98,44,0,0,0,0,0,False,0,0.0033
7,98,45,0,0,0,0,0,False,0,0.0033
7,98,46,0,0,0,0,0,False,0,0.0033
7,98,47,0,0,0,0,0,False,0,0.0033
7,98,48,4,922,0,2073,2073,False,4980,0.0446
7,98,49,7,867,0,1730,1730,False,4709,0.0339
7,98,50,5,5555,0,11541,11541,False,27057,0.2102
7,98,51,4,1229,0,2452,2452,False,6229,0.0465
7,98,52,0,0,0,0,0,False,0,0.0034
7,98,53,0,0,0,0,0,False,0,0.0033
7,98,54,0,0,0,0,0,False,0,0.0033
7,98,55,0,0,0,0,0,False,0,0.0033
7,98,56,0,0,0,0,0,False,0,0.0033
7,98,57,0,0,0,0,0,False,0,0.0033
7,99,41,0,0,0,0,0,False,0,0.0033
7,99,42,0,0,0,0,0,False,0,0.0033
7,99,43,0,0,0,0,0,False,0,0.0033
7,99,44,0,0,0,0,0,False,0,0.0033
7,99,45,0,0,0,0,0,False,0,0.0033
7,99,46,0,0,0,0,0,False,0,0.0033
7,99,47,3,562,0,686,686,False,1971,0.0163
7,99,48,5,5588,0,11666,11666,False,27420,0.2201
7,99,49,14,4560,0,19799,19799,False,46956,0.3737
7,99,50,12,9098,0,18573,18573,False,43565,0.3543
7,99,51,9,5358,0,16993,16993,False,39040,0.3434
7,99,52,4,414,0,907,907,False,2339,0.0243
7,99,53,0,0,0,0,0,False,0,0.0033
7,99,54,0,0,0,0,0,False,0,0.0033
7,99,55,0,0,0,0,0,False,0,0.0033
7,99,56,0,0,0,0,0,False,0,0.0033
7,99,57,0,0,0,0,0,False,0,0.0033
7,100,41,0,0,0,0,0,False,0,0.0033
7,100,42,0,0,0,0,0,False,0,0.0033
7,100,43,0,0,0,0,0,False,0,0.0033
7,100,44,0,0,0,0,0,False,0,0.0033
7,100,45,0,0,0,0,0,False,0,0.0033
7,100,46,0,0,0,0,0,False,0,0.0033
7,100,47,0,0,0,0,0,False,0,0.0033
7,100,48,0,0,0,0,0,False,0,0.0034
7,100,49,11,3629,0,9379,9379,False,22307,0.1877
7,100,50,14,11111,0,27588,27588,False,65400,0.5367
7,100,51,19,7173,0,29594,29594,False,70526,0.5453
7,100,52,7,10273,0,23205,23205,False,52088,0.4828
7,100,53,5,3521,0,7523,7523,False,16965,0.1565
7,100,54,0,0,0,0,0,False,0,0.0036
7,100,55,0,0,0,0,0,False,0,0.0033
7,100,56,0,0,0,0,0,False,0,0.0033
7,100,57,0,0,0,0,0,False,0,0.0033
7,101,41,0,0,0,0,0,False,0,0.0033
7,101,42,0,0,0,0,0,False,0,0.0033
7,101,43,0,0,0,0,0,False,0,0.0033
7,101,44,0,0,0,0,0,False,0,0.0033
7,101,45,0,0,0,0,0,False,0,0.0033
7,101,46,0,0,0,0,0,False,0,0.0033
7,101,47,2,317,0,424,424,False,1305,0.011
7,101,48,5,2648,0,5088,5088,False,12320,0.0913
7,101,49,7,11827,0,23543,23543,False,55302,0.4232
7,101,50,16,7438,0,26679,26679,False,62840,0.5122
7,101,51,12,14619,0,35325,35325,False,87774,0.5885
7,101,52,10,16563,0,49136,49136,False,119266,0.8043
7,101,53,12,2826,0,12053,12053,False,27407,0.2232
7,101,54,5,4134,0,8005,8005,False,18113,0.1556
7,101,55,0,0,0,0,0,False,0,0.0037
7,101,56,0,0,0,0,0,False,0,0.0032
7,101,57,0,0,0,0,0,False,0,0.0031
7,102,41,0,0,0,0,0,False,0,0.0031
7,102,42,0,0,0,0,0,False,0,0.0033
7,102,43,0,0,0,0,0,False,0,0.0033
7,102,44,0,0,0,0,0,False,0,0.0033
7,102,45,0,0,0,0,0,False,0,0.0033
7,102,46,0,0,0,0,0,False,0,0.0033
7,102,47,5,5685,0,12762,12762,False,30018,0.2201
7,102,48,8,9750,0,20342,20342,False,47729,0.3581
7,102,49,12,7521,0,24622,24622,False,57761,0.4456
7,102,50,8,12260,0,28960,28960,False,68179,0.5516
7,102,51,14,9106,0,31573,31573,False,72664,0.5858
7,102,52,17,4727,0,15781,15781,False,39220,0.2661
7,102,53,10,7987,0,33164,33164,False,78159,0.6048
7,102,54,9,5970,0,15155,15155,False,37417,0.2513
7,102,55,0,0,0,0,0,False,0,0.0036
7,102,56,0,0,0,0,0,False,0,0.0031
7,102,57,0,0,0,0,0,False,0,0.0031
7,103,41,0,0,0,0,0,False,0,0.0031
7,103,42,0,0,0,0,0,False,0,0.0031
7,103,43,0,0,0,0,0,False,0,0.0031
7,103,44,0,0,0,0,0,False,0,0.0031
7,103,45,0,0,0,0,0,False,0,0.0031
7,103,46,0,0,0,0,0,False,0,0.0031
7,103,47,3,1493,0,2826,2826,False,6756,0.0528
7,103,48,19,6488,0,29498,29498,False,70111,0.5254
7,103,49,15,8737,0,28008,28008,False,66180,0.5208
7,103,50,15,8664,0,32336,32336,False,76288,0.5875
7,103,51,14,13622,0,35667,35667,False,80435,0.6679
7,103,52,12,4294,0,14428,14428,False,34363,0.2595
7,103,53,20,9705,0,40967,40967,False,102843,0.6613
7,103,54,14,9724,0,30033,30033,False,75312,0.4892
7,103,55,0,0,0,0,0,False,0,0.0039
7,103,56,0,0,0,0,0,False,0,0.0034
7,103,57,0,0,0,0,0,False,0,0.0034
7,104,41,0,0,0,0,0,False,0,0.0034
7,104,42,0,0,0,0,0,False,0,0.0034
7,104,43,0,0,0,0,0,False,0,0.0034
7,104,44,0,0,0,0,0,False,0,0.0033
7,104,45,0,0,0,0,0,False,0,0.0033
7,104,46,0,0,0,0,0,False,0,0.0033
7,104,47,3,671,0,1137,1137,False,3128,0.0228
7,104,48,19,9690,0,30340,30340,False,77235,0.5037
7,104,49,19,13587,0,42784,42784,False,109104,0.6952
7,104,50,20,9556,0,36940,36940,False,91444,0.6302
7,104,51,9,16004,0,37704,37704,False,85713,0.7332
7,104,52,8,5142,0,13371,13371,False,30421,0.2583
7,104,53,10,7418,0,27831,27831,False,65918,0.5101
7,104,54,10,6857,0,29715,29715,False,70670,0.5193
7,104,55,0,0,0,0,0,False,0,0.0038
7,104,56,0,0,0,0,0,False,0,0.0033
7,104,57,0,0,0,0,0,False,0,0.0033
7,105,41,0,0,0,0,0,False,0,0.0033
7,105,42,0,0,0,0,0,False,0,0.0033
7,105,43,0,0,0,0,0,False,0,0.0033
7,105,44,0,0,0,0,0,False,0,0.0033
7,105,45,0,0,0,0,0,False,0,0.0033
7,105,46,4,1278,0,2637,2637,False,6170,0.0549
7,105,47,12,7839,0,22695,22695,False,56963,0.3854
7,105,48,15,12520,0,42008,42008,False,107796,0.6904
7,105,49,15,11080,0,45418,45418,False,118336,0.7358
7,105,50,13,11842,0,28673,28673,False,67601,0.5568
7,105,51,10,19528,0,38199,38199,False,87523,0.7388
7,105,52,16,3181,0,10956,10956,False,25646,0.1972
7,105,53,5,15358,0,31490,31490,False,70949,0.6203
7,105,54,5,5362,0,10436,10436,False,23509,0.1957
7,105,55,0,0,0,0,0,False,0,0.0037
7,105,56,0,0,0,0,0,False,0,0.0033
7,105,57,0,0,0,0,0,False,0,0.0033
7,106,41,0,0,0,0,0,False,0,0.0033
7,106,42,0,0,0,0,0,False,0,0.0033
7,106,43,0,0,0,0,0,False,0,0.0033
7,106,44,3,811,0,1321,1321,False,3146,0.0285
7,106,45,6,4672,0,9623,9623,False,21541,0.179
7,106,46,7,14783,0,28741,28741,False,64092,0.5314
7,106,47,13,9558,0,26409,26409,False,59698,0.4948
7,106,48,11,7720,0,20948,20948,False,52571,0.3606
7,106,49,4,583,0,910,910,False,2765,0.0188
7,106,50,5,5670,0,10702,10702,False,24366,0.2179
7,106,51,10,2896,0,8483,8483,False,20086,0.1772
7,106,52,8,1046,0,2687,2687,False,6850,0.0507
7,106,53,4,818,0,1520,1520,False,3829,0.0319
7,106,54,0,0,0,0,0,False,0,0.0034
7,106,55,0,0,0,0,0,False,0,0.0033
7,106,56,0,0,0,0,0,False,0,0.0033
7,106,57,0,0,0,0,0,False,0,0.0033
7,107,41,0,0,0,0,0,False,0,0.0033
7,107,42,4,1653,0,3200,3200,False,7326,0.0606
7,107,43,5,7339,0,15436,15436,False,33986,0.2888
7,107,44,5,13620,0,26937,26937,False,59434,0.4876
7,107,45,7,17506,0,35906,35906,False,79417,0.6498
7,107,46,10,19112,0,52381,52381,False,117363,0.9215
7,107,47,10,17249,0,39140,39140,False,88056,0.7428
7,107,48,15,5148,0,12848,12848,False,29475,0.2502
7,107,49,0,0,0,0,0,False,0,0.0039
7,107,50,0,0,0,0,0,False,0,0.0034
7,107,51,0,0,0,0,0,False,0,0.0034
7,107,52,0,0,0,0,0,False,0,0.0033
7,107,53,0,0,0,0,0,False,0,0.0033
7,107,54,0,0,0,0,0,False,0,0.0034
7,107,55,0,0,0,0,0,False,0,0.0033
7,107,56,0,0,0,0,0,False,0,0.0033
7,107,57,0,0,0,0,0,False,0,0.0033
7,108,41,0,0,0,0,0,False,0,0.0033
7,108,42,4,4052,0,9049,9049,False,20075,0.1591
7,108,43,5,11819,0,26388,26388,False,58136,0.4867
7,108,44,9,15608,0,33584,33584,False,74748,0.5981
7,108,45,13,11082,0,39301,39301,False,87693,0.7271
7,108,46,16,9136,0,33389,33389,False,74561,0.5917
7,108,47,14,5920,0,25047,25047,False,56312,0.486
7,108,48,10,4157,0,10980,10980,False,25271,0.2193
7,108,49,0,0,0,0,0,False,0,0.0037
7,108,50,0,0,0,0,0,False,0,0.0033
7,108,51,0,0,0,0,0,False,0,0.0033
7,108,52,0,0,0,0,0,False,0,0.0033
7,108,53,0,0,0,0,0,False,0,0.0033
7,108,54,0,0,0,0,0,False,0,0.0033
7,108,55,0,0,0,0,0,False,0,0.0033
7,108,56,0,0,0,0,0,False,0,0.0033
7,108,57,0,0,0,0,0,False,0,0.0033
7,109,41,0,0,0,0,0,False,0,0.0033
7,109,42,0,0,0,0,0,False,0,0.0033
7,109,43,3,524,0,926,926,False,2342,0.0189
7,109,44,8,7822,0,22665,22665,False,50176,0.4005
7,109,45,5,15300,0,29643,29643,False,65692,0.5615
7,109,46,9,10232,0,23898,23898,False,53889,0.4722
7,109,47,11,5334,0,19943,19943,False,45391,0.4016
7,109,48,4,1410,0,3455,3455,False,7985,0.0822
7,109,49,0,0,0,0,0,False,0,0.0034
7,109,50,0,0,0,0,0,False,0,0.0033
7,109,51,0,0,0,0,0,False,0,0.0033
7,109,52,0,0,0,0,0,False,0,0.0033
7,109,53,0,0,0,0,0,False,0,0.0033
7,109,54,0,0,0,0,0,False,0,0.0033
7,109,55,0,0,0,0,0,False,0,0.0033
7,109,56,0,0,0,0,0,False,0,0.0033
7,109,57,0,0,0,0,0,False,0,0.0033
7,110,41,0,0,0,0,0,False,0,0.0033
7,110,42,0,0,0,0,0,False,0,0.0033
7,110,43,0,0,0,0,0,False,0,0.0033
7,110,44,5,6587,0,14240,14240,False,31646,0.2744
7,110,45,5,9064,0,18270,18270,False,40759,0.359
7,110,46,5,1478,0,3152,3152,False,7494,0.0665
7,110,47,0,0,0,0,0,False,0,0.0034
7,110,48,0,0,0,0,0,False,0,0.0038
7,110,49,0,0,0,0,0,False,0,0.0034
7,110,50,0,0,0,0,0,False,0,0.0033
7,110,51,0,0,0,0,0,False,0,0.0033
7,110,52,0,0,0,0,0,False,0,0.0034
7,110,53,0,0,0,0,0,False,0,0.0034
7,110,54,0,0,0,0,0,False,0,0.0034
7,110,55,0,0,0,0,0,False,0,0.0034
7,110,56,0,0,0,0,0,False,0,0.0034
7,110,57,0,0,0,0,0,False,0,0.0034
7,111,41,0,0,0,0,0,False,0,0.0034
7,111,42,0,0,0,0,0,False,0,0.0034
7,111,43,0,0,0,0,0,False,0,0.0034
7,111,44,4,261,0,553,553,False,1671,0.0138
7,111,45,0,0,0,0,0,False,0,0.0034
7,111,46,0,0,0,0,0,False,0,0.0034
7,111,47,0,0,0,0,0,False,0,0.0034
7,111,48,0,0,0,0,0,False,0,0.0034
7,111,49,0,0,0,0,0,False,0,0.0034
7,111,50,0,0,0,0,0,False,0,0.0033
7,111,51,0,0,0,0,0,False,0,0.0033
7,111,52,0,0,0,0,0,False,0,0.0033
7,111,53,0,0,0,0,0,False,0,0.0034
7,111,54,0,0,0,0,0,False,0,0.0034
7,111,55,0,0,0,0,0,False,0,0.0034
7,111,56,0,0,0,0,0,False,0,0.0034
7,111,57,0,0,0,0,0,False,0,0.0034
